Timestamp,Source IP,Destination IP,Source Port,Destination Port,Sequence Number,Ack Number,TCP Flags,Window Size,Payload Size,Application
1740861190.369334,150.171.27.254,10.0.0.13,443,50485,1,1,0x0010,16384,1445,Web Browsing (Chrome/Edge)
1740861190.369334,150.171.27.254,10.0.0.13,443,50485,1412,1,0x0010,16384,1445,Web Browsing (Chrome/Edge)
1740861190.369334,150.171.27.254,10.0.0.13,443,50485,2823,1,0x0010,16384,1445,Web Browsing (Chrome/Edge)
1740861190.369334,150.171.27.254,10.0.0.13,443,50485,4234,1,0x0010,16384,1445,Web Browsing (Chrome/Edge)
1740861190.369334,150.171.27.254,10.0.0.13,443,50485,5645,1,0x0018,16384,755,Web Browsing (Chrome/Edge)
1740861190.372787,10.0.0.13,150.171.27.254,50485,443,1,6366,0x0018,1024,114,Web Browsing (Chrome/Edge)
1740861190.373185,10.0.0.13,150.171.27.254,50485,443,81,6366,0x0018,1024,114,Web Browsing (Chrome/Edge)
1740861190.373271,10.0.0.13,150.171.27.254,50485,443,161,6366,0x0018,1024,364,Web Browsing (Chrome/Edge)
1740861190.425947,150.171.27.254,10.0.0.13,443,50485,6366,491,0x0018,16382,493,Web Browsing (Chrome/Edge)
1740861190.425947,150.171.27.254,10.0.0.13,443,50485,6825,491,0x0018,16382,96,Web Browsing (Chrome/Edge)
1740861190.428145,150.171.27.254,10.0.0.13,443,50485,6887,491,0x0018,16382,574,Web Browsing (Chrome/Edge)
1740861190.428583,10.0.0.13,150.171.27.254,50485,443,491,7427,0x0018,1019,65,Web Browsing (Chrome/Edge)
1740861190.428845,150.171.27.254,10.0.0.13,443,50485,7427,491,0x0018,16382,65,Web Browsing (Chrome/Edge)
1740861190.436572,10.0.0.13,150.171.27.254,50485,443,522,7458,0x0018,1019,109,Web Browsing (Chrome/Edge)
1740861190.490683,150.171.27.254,10.0.0.13,443,50485,7458,597,0x0018,16382,228,Web Browsing (Chrome/Edge)
1740861190.490683,150.171.27.254,10.0.0.13,443,50485,7652,597,0x0018,16382,65,Web Browsing (Chrome/Edge)
1740861191.090072,10.0.0.13,10.0.0.138,50487,5431,1,1,0x0018,255,227,Web Browsing (Chrome/Edge)
1740861191.092061,10.0.0.138,10.0.0.13,5431,50487,1,194,0x0010,501,2954,Web Browsing (Chrome/Edge)
1740861191.092061,10.0.0.138,10.0.0.13,5431,50487,2921,194,0x0018,501,219,Web Browsing (Chrome/Edge)
1740861191.107406,10.0.0.13,10.0.0.138,50488,5431,1,1,0x0018,255,229,Web Browsing (Chrome/Edge)
1740861191.111089,10.0.0.138,10.0.0.13,5431,50488,1,196,0x0010,501,1494,Web Browsing (Chrome/Edge)
1740861191.111089,10.0.0.138,10.0.0.13,5431,50488,1461,196,0x0018,501,1326,Web Browsing (Chrome/Edge)
1740861191.314897,13.107.136.254,10.0.0.13,443,50489,1,1,0x0010,16382,5678,Web Browsing (Chrome/Edge)
1740861191.314897,13.107.136.254,10.0.0.13,443,50489,5645,1,0x0018,16382,751,Web Browsing (Chrome/Edge)
1740861191.316268,10.0.0.13,13.107.136.254,50489,443,1,6362,0x0018,1024,114,Web Browsing (Chrome/Edge)
1740861191.316415,10.0.0.13,13.107.136.254,50489,443,81,6362,0x0018,1024,114,Web Browsing (Chrome/Edge)
1740861191.316467,10.0.0.13,13.107.136.254,50489,443,161,6362,0x0018,1024,365,Web Browsing (Chrome/Edge)
1740861191.321927,13.107.136.254,10.0.0.13,443,50489,6362,492,0x0018,16386,493,Web Browsing (Chrome/Edge)
1740861191.321927,13.107.136.254,10.0.0.13,443,50489,6821,492,0x0018,16386,96,Web Browsing (Chrome/Edge)
1740861191.322611,10.0.0.13,13.107.136.254,50489,443,492,6883,0x0018,1021,65,Web Browsing (Chrome/Edge)
1740861191.324824,13.107.136.254,10.0.0.13,443,50489,6883,492,0x0018,16386,573,Web Browsing (Chrome/Edge)
1740861191.324824,13.107.136.254,10.0.0.13,443,50489,7422,492,0x0018,16386,65,Web Browsing (Chrome/Edge)
1740861191.329411,10.0.0.13,13.107.136.254,50489,443,523,7453,0x0018,1019,109,Web Browsing (Chrome/Edge)
1740861191.337178,13.107.136.254,10.0.0.13,443,50489,7453,598,0x0018,16385,228,Web Browsing (Chrome/Edge)
1740861191.337178,13.107.136.254,10.0.0.13,443,50489,7647,598,0x0018,16385,65,Web Browsing (Chrome/Edge)
1740861191.450687,204.79.197.222,10.0.0.13,443,50490,1,1,0x0010,16384,5678,Web Browsing (Chrome/Edge)
1740861191.450687,204.79.197.222,10.0.0.13,443,50490,5645,1,0x0018,16384,751,Web Browsing (Chrome/Edge)
1740861191.45381,10.0.0.13,204.79.197.222,50490,443,1,6362,0x0018,1024,114,Web Browsing (Chrome/Edge)
1740861191.4543,10.0.0.13,204.79.197.222,50490,443,81,6362,0x0018,1024,114,Web Browsing (Chrome/Edge)
1740861191.454423,10.0.0.13,204.79.197.222,50490,443,161,6362,0x0018,1024,918,Web Browsing (Chrome/Edge)
1740861191.50623,204.79.197.222,10.0.0.13,443,50490,6362,81,0x0018,16384,493,Web Browsing (Chrome/Edge)
1740861191.50623,204.79.197.222,10.0.0.13,443,50490,6821,81,0x0018,16384,96,Web Browsing (Chrome/Edge)
1740861191.508209,10.0.0.13,204.79.197.222,50490,443,1045,6883,0x0018,1021,65,Web Browsing (Chrome/Edge)
1740861191.508685,204.79.197.222,10.0.0.13,443,50490,6883,1045,0x0018,16386,251,Web Browsing (Chrome/Edge)
1740861191.508685,204.79.197.222,10.0.0.13,443,50490,7100,1045,0x0018,16386,65,Web Browsing (Chrome/Edge)
1740861191.740424,10.0.0.13,13.74.129.1,50464,443,1,1,0x0018,255,133,Web Browsing (Chrome/Edge)
1740861191.740995,10.0.0.13,13.74.129.1,50464,443,100,1,0x0018,255,72,Web Browsing (Chrome/Edge)
1740861191.741085,10.0.0.13,13.74.129.1,50464,443,138,1,0x0018,255,1641,Web Browsing (Chrome/Edge)
1740861191.741127,10.0.0.13,65.9.112.114,50466,443,1,1,0x0018,255,126,Web Browsing (Chrome/Edge)
1740861191.741198,10.0.0.13,65.9.112.114,50466,443,93,1,0x0018,255,65,Web Browsing (Chrome/Edge)
1740861191.741239,10.0.0.13,65.9.112.114,50466,443,124,1,0x0018,255,797,Web Browsing (Chrome/Edge)
1740861191.749053,65.9.112.114,10.0.0.13,443,50466,1,887,0x0018,145,65,Web Browsing (Chrome/Edge)
1740861191.766082,72.246.151.139,10.0.0.13,443,50491,1,1,0x0018,501,2856,Web Browsing (Chrome/Edge)
1740861191.766082,72.246.151.139,10.0.0.13,443,50491,2823,1,0x0018,501,1080,Web Browsing (Chrome/Edge)
1740861191.76944,10.0.0.13,72.246.151.139,50491,443,1,3869,0x0018,255,114,Web Browsing (Chrome/Edge)
1740861191.77328,72.246.151.139,10.0.0.13,443,50491,3869,81,0x0018,501,608,Web Browsing (Chrome/Edge)
1740861191.792916,10.0.0.13,20.190.147.8,50381,443,1,1,0x0018,255,326,Web Browsing (Chrome/Edge)
1740861191.793094,10.0.0.13,20.190.147.8,50381,443,293,1,0x0018,255,6931,Web Browsing (Chrome/Edge)
1740861191.819315,13.74.129.1,10.0.0.13,443,50464,1,138,0x0018,2049,72,Web Browsing (Chrome/Edge)
1740861191.819805,13.74.129.1,10.0.0.13,443,50464,39,1745,0x0018,2050,349,Web Browsing (Chrome/Edge)
1740861191.828651,65.9.112.114,10.0.0.13,443,50466,32,887,0x0018,145,480,Web Browsing (Chrome/Edge)
1740861191.853424,72.246.151.139,10.0.0.13,443,50493,1,1,0x0018,501,2856,Web Browsing (Chrome/Edge)
1740861191.853424,72.246.151.139,10.0.0.13,443,50493,2823,1,0x0018,501,1081,Web Browsing (Chrome/Edge)
1740861191.856269,10.0.0.13,72.246.151.139,50493,443,1,3870,0x0018,255,114,Web Browsing (Chrome/Edge)
1740861191.856406,10.0.0.13,72.246.151.139,50493,443,81,3870,0x0018,255,126,Web Browsing (Chrome/Edge)
1740861191.856562,10.0.0.13,72.246.151.139,50493,443,173,3870,0x0018,255,2019,Web Browsing (Chrome/Edge)
1740861191.861772,72.246.151.139,10.0.0.13,443,50493,3870,2158,0x0018,491,608,Web Browsing (Chrome/Edge)
1740861191.874884,72.246.151.139,10.0.0.13,443,50493,4444,2158,0x0018,501,95,Web Browsing (Chrome/Edge)
1740861191.874884,72.246.151.139,10.0.0.13,443,50493,4505,2158,0x0018,501,65,Web Browsing (Chrome/Edge)
1740861191.875057,10.0.0.13,72.246.151.139,50493,443,2158,4536,0x0018,253,65,Web Browsing (Chrome/Edge)
1740861191.924862,204.79.197.219,10.0.0.13,443,50497,1,1,0x0018,16386,133,Web Browsing (Chrome/Edge)
1740861191.92531,204.79.197.219,10.0.0.13,443,50496,1,1,0x0018,16386,133,Web Browsing (Chrome/Edge)
1740861191.934691,204.79.197.219,10.0.0.13,443,50497,100,573,0x0010,16384,5678,Web Browsing (Chrome/Edge)
1740861191.934691,204.79.197.219,10.0.0.13,443,50496,100,573,0x0010,16384,5678,Web Browsing (Chrome/Edge)
1740861191.934691,204.79.197.219,10.0.0.13,443,50497,5744,573,0x0018,16384,452,Web Browsing (Chrome/Edge)
1740861191.934691,204.79.197.219,10.0.0.13,443,50496,5744,573,0x0018,16384,452,Web Browsing (Chrome/Edge)
1740861191.936746,10.0.0.13,204.79.197.219,50497,443,573,6162,0x0018,255,108,Web Browsing (Chrome/Edge)
1740861191.936889,10.0.0.13,204.79.197.219,50496,443,573,6162,0x0018,255,108,Web Browsing (Chrome/Edge)
1740861191.941896,204.79.197.219,10.0.0.13,443,50497,6162,647,0x0018,16383,493,Web Browsing (Chrome/Edge)
1740861191.941896,204.79.197.219,10.0.0.13,443,50497,6621,647,0x0018,16383,96,Web Browsing (Chrome/Edge)
1740861191.943605,204.79.197.219,10.0.0.13,443,50496,6162,647,0x0018,16383,493,Web Browsing (Chrome/Edge)
1740861191.943605,204.79.197.219,10.0.0.13,443,50496,6621,647,0x0018,16383,96,Web Browsing (Chrome/Edge)
1740861191.968143,20.190.147.8,10.0.0.13,443,50381,1,7190,0x0010,16386,16966,Web Browsing (Chrome/Edge)
1740861191.968143,20.190.147.8,10.0.0.13,443,50381,16933,7190,0x0018,16386,1055,Web Browsing (Chrome/Edge)
1740861192.076262,20.42.65.93,10.0.0.13,443,50492,1,1,0x0018,16386,133,Web Browsing (Chrome/Edge)
1740861192.276659,72.246.151.139,10.0.0.13,443,50493,4536,2189,0x0010,501,2856,Web Browsing (Chrome/Edge)
1740861192.276659,72.246.151.139,10.0.0.13,443,50493,7358,2189,0x0018,501,86,Web Browsing (Chrome/Edge)
1740861192.276659,72.246.151.139,10.0.0.13,443,50493,7410,2189,0x0018,501,12733,Web Browsing (Chrome/Edge)
1740861192.277252,72.246.151.139,10.0.0.13,443,50493,20109,2189,0x0018,501,8500,Web Browsing (Chrome/Edge)
1740861192.282233,72.246.151.139,10.0.0.13,443,50493,28575,2189,0x0018,501,25432,Web Browsing (Chrome/Edge)
1740861192.283687,72.246.151.139,10.0.0.13,443,50493,53973,2189,0x0018,501,15555,Web Browsing (Chrome/Edge)
1740861192.283687,72.246.151.139,10.0.0.13,443,50493,69494,2189,0x0018,501,1235,Web Browsing (Chrome/Edge)
1740861192.33172,20.42.65.93,10.0.0.13,443,50498,1,1,0x0018,16386,133,Web Browsing (Chrome/Edge)
1740861192.33839,10.0.0.13,204.79.197.203,50469,443,1,1,0x0018,253,126,Web Browsing (Chrome/Edge)
1740861192.338603,10.0.0.13,204.79.197.203,50469,443,93,1,0x0018,253,65,Web Browsing (Chrome/Edge)
1740861192.338663,10.0.0.13,204.79.197.203,50469,443,124,1,0x0018,253,480,Web Browsing (Chrome/Edge)
1740861192.338812,204.79.197.203,10.0.0.13,443,50501,1,1,0x0018,16386,133,Web Browsing (Chrome/Edge)
1740861192.343879,204.79.197.203,10.0.0.13,443,50469,1,570,0x0018,16381,65,Web Browsing (Chrome/Edge)
1740861192.343879,20.42.65.93,10.0.0.13,443,50499,1,1,0x0018,16386,133,Web Browsing (Chrome/Edge)
1740861192.348104,204.79.197.203,10.0.0.13,443,50501,100,569,0x0010,16384,5678,Web Browsing (Chrome/Edge)
1740861192.348104,204.79.197.203,10.0.0.13,443,50501,5744,569,0x0018,16384,421,Web Browsing (Chrome/Edge)
1740861192.350084,10.0.0.13,204.79.197.203,50501,443,569,6131,0x0018,255,108,Web Browsing (Chrome/Edge)
1740861192.350269,10.0.0.13,204.79.197.203,50501,443,643,6131,0x0018,255,126,Web Browsing (Chrome/Edge)
1740861192.350497,10.0.0.13,204.79.197.203,50501,443,735,6131,0x0018,255,1435,Web Browsing (Chrome/Edge)
1740861192.35055,10.0.0.13,204.79.197.203,50501,443,2136,6131,0x0018,255,298,Web Browsing (Chrome/Edge)
1740861192.35561,204.79.197.203,10.0.0.13,443,50501,6131,2400,0x0018,16386,493,Web Browsing (Chrome/Edge)
1740861192.35561,204.79.197.203,10.0.0.13,443,50501,6590,2400,0x0018,16386,96,Web Browsing (Chrome/Edge)
1740861192.355766,10.0.0.13,204.79.197.203,50501,443,2400,6652,0x0018,253,65,Web Browsing (Chrome/Edge)
1740861192.361726,204.79.197.203,10.0.0.13,443,50501,6652,2431,0x0018,16386,65,Web Browsing (Chrome/Edge)
1740861192.373185,20.42.65.93,10.0.0.13,443,50492,100,648,0x0010,16383,5678,Web Browsing (Chrome/Edge)
1740861192.373185,20.42.65.93,10.0.0.13,443,50492,5744,648,0x0018,16383,797,Web Browsing (Chrome/Edge)
1740861192.375256,10.0.0.13,20.42.65.93,50492,443,648,6507,0x0018,255,108,Web Browsing (Chrome/Edge)
1740861192.375577,10.0.0.13,20.42.65.93,50492,443,722,6507,0x0018,255,126,Web Browsing (Chrome/Edge)
1740861192.375818,10.0.0.13,20.42.65.93,50492,443,814,6507,0x0018,255,1496,Web Browsing (Chrome/Edge)
1740861192.375865,10.0.0.13,20.42.65.93,50492,443,2276,6507,0x0018,255,306,Web Browsing (Chrome/Edge)
1740861192.375909,10.0.0.13,20.42.65.93,50492,443,2548,6507,0x0018,255,305,Web Browsing (Chrome/Edge)
1740861192.375939,10.0.0.13,20.42.65.93,50492,443,2819,6507,0x0018,255,305,Web Browsing (Chrome/Edge)
1740861192.375963,10.0.0.13,20.42.65.93,50492,443,3090,6507,0x0018,255,5267,Web Browsing (Chrome/Edge)
1740861192.375995,10.0.0.13,20.42.65.93,50492,443,8323,6507,0x0010,255,8674,Web Browsing (Chrome/Edge)
1740861192.419111,204.79.197.203,10.0.0.13,443,50469,32,570,0x0018,16381,780,Web Browsing (Chrome/Edge)
1740861192.42112,10.0.0.13,204.79.197.203,50501,443,2431,6683,0x0018,253,3888,Web Browsing (Chrome/Edge)
1740861192.421175,10.0.0.13,204.79.197.203,50501,443,6285,6683,0x0018,253,2836,Web Browsing (Chrome/Edge)
1740861192.439471,204.79.197.203,10.0.0.13,443,50501,6683,9087,0x0018,16381,433,Web Browsing (Chrome/Edge)
1740861192.47343,20.42.65.93,10.0.0.13,443,50500,1,1,0x0018,16386,133,Web Browsing (Chrome/Edge)
1740861192.484305,20.42.65.93,10.0.0.13,443,50499,100,680,0x0010,16383,5678,Web Browsing (Chrome/Edge)
1740861192.484305,20.42.65.93,10.0.0.13,443,50499,5744,680,0x0018,16383,797,Web Browsing (Chrome/Edge)
1740861192.490358,204.79.197.203,10.0.0.13,443,50501,7082,9087,0x0018,16381,177,Web Browsing (Chrome/Edge)
1740861192.501149,20.42.65.93,10.0.0.13,443,50498,100,681,0x0010,16383,5678,Web Browsing (Chrome/Edge)
1740861192.501149,20.42.65.93,10.0.0.13,443,50498,5744,681,0x0018,16383,797,Web Browsing (Chrome/Edge)
1740861192.50922,10.0.0.13,20.42.65.93,50492,443,16963,6507,0x0018,255,7234,Web Browsing (Chrome/Edge)
1740861192.510321,10.0.0.13,20.42.65.93,50492,443,24163,6507,0x0018,255,8634,Web Browsing (Chrome/Edge)
1740861192.622497,37.252.171.21,10.0.0.13,443,50504,1,1,0x0010,41141,2634,Web Browsing (Chrome/Edge)
1740861192.622497,37.252.171.21,10.0.0.13,443,50504,2601,1,0x0018,41141,97,Web Browsing (Chrome/Edge)
1740861192.624149,10.0.0.13,37.252.171.21,50504,443,1,2664,0x0018,65535,127,Web Browsing (Chrome/Edge)
1740861192.624292,10.0.0.13,37.252.171.21,50504,443,94,2664,0x0018,65535,133,Web Browsing (Chrome/Edge)
1740861192.624479,10.0.0.13,37.252.171.21,50504,443,193,2664,0x0018,65535,3643,Web Browsing (Chrome/Edge)
1740861192.624528,10.0.0.13,37.252.171.21,50504,443,3802,2664,0x0018,65535,2455,Web Browsing (Chrome/Edge)
1740861192.624558,10.0.0.13,37.252.171.21,50504,443,6223,2664,0x0018,65535,1008,Web Browsing (Chrome/Edge)
1740861192.624594,10.0.0.13,37.252.171.21,50504,443,7197,2664,0x0018,65535,710,Web Browsing (Chrome/Edge)
1740861192.645959,20.42.65.93,10.0.0.13,443,50492,6507,32763,0x0018,16386,137,Web Browsing (Chrome/Edge)
1740861192.658639,20.42.65.93,10.0.0.13,443,50492,6610,32763,0x0018,16386,96,Web Browsing (Chrome/Edge)
1740861192.658841,10.0.0.13,20.42.65.93,50492,443,32763,6672,0x0018,255,65,Web Browsing (Chrome/Edge)
1740861192.685995,37.252.171.21,10.0.0.13,443,50504,2664,3802,0x0018,37532,308,Web Browsing (Chrome/Edge)
1740861192.68641,37.252.171.21,10.0.0.13,443,50504,2938,3802,0x0018,42108,112,Web Browsing (Chrome/Edge)
1740861192.686594,10.0.0.13,37.252.171.21,50504,443,7873,3016,0x0018,65183,72,Web Browsing (Chrome/Edge)
1740861192.687098,37.252.171.21,10.0.0.13,443,50504,3016,7873,0x0018,42108,1035,Web Browsing (Chrome/Edge)
1740861192.688191,37.252.171.21,10.0.0.13,443,50504,4017,7873,0x0010,42108,1334,Web Browsing (Chrome/Edge)
1740861192.688191,37.252.171.21,10.0.0.13,443,50504,5317,7873,0x0018,42108,100,Web Browsing (Chrome/Edge)
1740861192.692025,37.252.171.21,10.0.0.13,443,50504,5383,7873,0x0010,42108,1334,Web Browsing (Chrome/Edge)
1740861192.692025,37.252.171.21,10.0.0.13,443,50504,6683,7873,0x0018,42108,370,Web Browsing (Chrome/Edge)
1740861192.725538,68.67.153.38,10.0.0.13,443,50502,1,1,0x0018,83,2856,Web Browsing (Chrome/Edge)
1740861192.726123,68.67.153.38,10.0.0.13,443,50502,2823,1,0x0018,83,1308,Web Browsing (Chrome/Edge)
1740861192.726535,68.67.153.38,10.0.0.13,443,50502,4097,1,0x0010,83,1445,Web Browsing (Chrome/Edge)
1740861192.726535,68.67.153.38,10.0.0.13,443,50502,5508,1,0x0018,83,183,Web Browsing (Chrome/Edge)
1740861192.728728,68.67.153.38,10.0.0.13,443,50503,1,1,0x0010,83,1445,Web Browsing (Chrome/Edge)
1740861192.728728,68.67.153.38,10.0.0.13,443,50503,1412,1,0x0018,83,1445,Web Browsing (Chrome/Edge)
1740861192.728728,68.67.153.38,10.0.0.13,443,50503,2823,1,0x0018,83,1308,Web Browsing (Chrome/Edge)
1740861192.729187,68.67.153.38,10.0.0.13,443,50503,4097,1,0x0010,83,1445,Web Browsing (Chrome/Edge)
1740861192.729187,68.67.153.38,10.0.0.13,443,50503,5508,1,0x0018,83,183,Web Browsing (Chrome/Edge)
1740861192.729399,10.0.0.13,68.67.153.38,50502,443,1,5657,0x0018,255,127,Web Browsing (Chrome/Edge)
1740861192.729813,10.0.0.13,68.67.153.38,50503,443,1,5657,0x0018,255,127,Web Browsing (Chrome/Edge)
1740861192.730033,10.0.0.13,68.67.153.38,50502,443,94,5657,0x0018,255,1070,Web Browsing (Chrome/Edge)
1740861192.730116,10.0.0.13,68.67.153.38,50503,443,94,5657,0x0018,255,988,Web Browsing (Chrome/Edge)
1740861192.731458,37.252.171.21,10.0.0.13,443,50504,7019,7873,0x0018,42108,1035,Web Browsing (Chrome/Edge)
1740861192.792361,20.42.65.93,10.0.0.13,443,50492,6672,32794,0x0018,16386,65,Web Browsing (Chrome/Edge)
1740861192.793005,204.79.197.203,10.0.0.13,443,50501,7225,9087,0x0018,16381,328,Web Browsing (Chrome/Edge)
1740861192.794393,204.79.197.203,10.0.0.13,443,50501,7519,9087,0x0010,16381,2856,Web Browsing (Chrome/Edge)
1740861192.794393,204.79.197.203,10.0.0.13,443,50501,10341,9087,0x0018,16381,1245,Web Browsing (Chrome/Edge)
1740861192.794393,204.79.197.203,10.0.0.13,443,50501,11552,9087,0x0010,16381,2856,Web Browsing (Chrome/Edge)
1740861192.794393,204.79.197.203,10.0.0.13,443,50501,14374,9087,0x0018,16381,1433,Web Browsing (Chrome/Edge)
1740861192.860751,213.227.153.234,10.0.0.13,443,50505,1,1,0x0018,83,2856,Web Browsing (Chrome/Edge)
1740861192.860751,213.227.153.234,10.0.0.13,443,50505,2823,1,0x0018,83,760,Web Browsing (Chrome/Edge)
1740861192.865245,10.0.0.13,213.227.153.234,50505,443,1,3549,0x0018,255,98,Web Browsing (Chrome/Edge)
1740861192.865546,10.0.0.13,213.227.153.234,50505,443,65,3549,0x0018,255,126,Web Browsing (Chrome/Edge)
1740861192.865767,10.0.0.13,213.227.153.234,50505,443,157,3549,0x0018,255,826,Web Browsing (Chrome/Edge)
1740861192.867212,68.67.153.38,10.0.0.13,443,50502,5657,94,0x0018,83,308,Web Browsing (Chrome/Edge)
1740861192.8688,204.79.197.203,10.0.0.13,443,50501,15773,9087,0x0010,16381,2856,Web Browsing (Chrome/Edge)
1740861192.8688,204.79.197.203,10.0.0.13,443,50501,18595,9087,0x0018,16381,631,Web Browsing (Chrome/Edge)
1740861192.869373,68.67.153.38,10.0.0.13,443,50503,5657,1048,0x0018,83,308,Web Browsing (Chrome/Edge)
1740861192.885024,68.67.153.38,10.0.0.13,443,50502,5931,1130,0x0010,83,1445,Web Browsing (Chrome/Edge)
1740861192.885024,68.67.153.38,10.0.0.13,443,50502,7342,1130,0x0018,83,1445,Web Browsing (Chrome/Edge)
1740861192.885024,68.67.153.38,10.0.0.13,443,50502,8753,1130,0x0010,83,1445,Web Browsing (Chrome/Edge)
1740861192.885024,68.67.153.38,10.0.0.13,443,50502,10164,1130,0x0018,83,1445,Web Browsing (Chrome/Edge)
1740861192.885024,68.67.153.38,10.0.0.13,443,50502,11575,1130,0x0010,83,1445,Web Browsing (Chrome/Edge)
1740861192.885024,68.67.153.38,10.0.0.13,443,50502,12986,1130,0x0018,83,1351,Web Browsing (Chrome/Edge)
1740861192.887142,68.67.153.38,10.0.0.13,443,50503,5931,1048,0x0018,83,11322,Web Browsing (Chrome/Edge)
1740861192.887142,68.67.153.38,10.0.0.13,443,50503,17219,1048,0x0018,83,45,Web Browsing (Chrome/Edge)
1740861192.933434,213.227.153.234,10.0.0.13,443,50505,3549,65,0x0018,83,608,Web Browsing (Chrome/Edge)
1740861192.933434,213.227.153.234,10.0.0.13,443,50505,4123,65,0x0018,83,96,Web Browsing (Chrome/Edge)
1740861192.933864,10.0.0.13,213.227.153.234,50505,443,949,4185,0x0018,253,65,Web Browsing (Chrome/Edge)
1740861192.938325,213.227.153.234,10.0.0.13,443,50505,4185,949,0x0018,83,65,Web Browsing (Chrome/Edge)
1740861192.939879,213.227.153.234,10.0.0.13,443,50505,4216,949,0x0018,83,143,Web Browsing (Chrome/Edge)
1740861192.941852,204.79.197.203,10.0.0.13,443,50501,19192,9087,0x0018,16381,73,Web Browsing (Chrome/Edge)
1740861192.941852,204.79.197.203,10.0.0.13,443,50501,19231,9087,0x0018,16381,65,Web Browsing (Chrome/Edge)
1740861192.954179,10.0.0.13,68.67.153.38,50503,443,1048,17230,0x0018,255,1070,Web Browsing (Chrome/Edge)
1740861192.956164,10.0.0.13,68.67.153.38,50502,443,1130,14303,0x0018,255,1121,Web Browsing (Chrome/Edge)
1740861192.96746,10.0.0.13,204.79.197.203,50501,443,9087,19262,0x0018,255,495,Web Browsing (Chrome/Edge)
1740861192.967535,10.0.0.13,204.79.197.203,50501,443,9548,19262,0x0018,255,318,Web Browsing (Chrome/Edge)
1740861192.967598,10.0.0.13,204.79.197.203,50501,443,9832,19262,0x0018,255,321,Web Browsing (Chrome/Edge)
1740861192.970122,10.0.0.13,20.42.65.93,50492,443,32794,6703,0x0018,255,304,Web Browsing (Chrome/Edge)
1740861192.970228,10.0.0.13,20.42.65.93,50492,443,33064,6703,0x0018,255,8555,Web Browsing (Chrome/Edge)
1740861193.050663,204.79.197.203,10.0.0.13,443,50501,19262,10119,0x0018,16386,179,Web Browsing (Chrome/Edge)
1740861193.105658,204.79.197.203,10.0.0.13,443,50501,19407,10119,0x0018,16386,323,Web Browsing (Chrome/Edge)
1740861193.110718,68.67.153.38,10.0.0.13,443,50502,14303,2217,0x0018,83,24021,Web Browsing (Chrome/Edge)
1740861193.122142,68.67.153.38,10.0.0.13,443,50503,17230,2084,0x0018,83,14144,Web Browsing (Chrome/Edge)
1740861193.122142,68.67.153.38,10.0.0.13,443,50503,31340,2084,0x0018,83,543,Web Browsing (Chrome/Edge)
1740861193.128006,185.89.210.46,10.0.0.13,443,50508,1,1,0x0010,41448,2634,Web Browsing (Chrome/Edge)
1740861193.128006,185.89.210.46,10.0.0.13,443,50508,2601,1,0x0018,41448,96,Web Browsing (Chrome/Edge)
1740861193.131095,10.0.0.13,185.89.210.46,50508,443,1,2663,0x0018,65535,127,Web Browsing (Chrome/Edge)
1740861193.131269,10.0.0.13,185.89.210.46,50508,443,94,2663,0x0018,65535,133,Web Browsing (Chrome/Edge)
1740861193.131507,10.0.0.13,185.89.210.46,50508,443,193,2663,0x0018,65535,1712,Web Browsing (Chrome/Edge)
1740861193.131557,10.0.0.13,185.89.210.46,50508,443,1871,2663,0x0018,65535,1008,Web Browsing (Chrome/Edge)
1740861193.131604,10.0.0.13,185.89.210.46,50508,443,2845,2663,0x0018,65535,2299,Web Browsing (Chrome/Edge)
1740861193.131644,10.0.0.13,185.89.210.46,50508,443,5110,2663,0x0018,65535,2297,Web Browsing (Chrome/Edge)
1740861193.158743,20.42.65.93,10.0.0.13,443,50507,1,1,0x0018,16386,133,Web Browsing (Chrome/Edge)
1740861193.193121,185.89.210.46,10.0.0.13,443,50508,2663,4297,0x0018,41448,308,Web Browsing (Chrome/Edge)
1740861193.193121,185.89.210.46,10.0.0.13,443,50508,2937,4297,0x0018,41448,112,Web Browsing (Chrome/Edge)
1740861193.193747,10.0.0.13,185.89.210.46,50508,443,7373,3015,0x0018,65183,72,Web Browsing (Chrome/Edge)
1740861193.194028,185.89.210.46,10.0.0.13,443,50508,3015,5110,0x0010,40635,1334,Web Browsing (Chrome/Edge)
1740861193.194028,185.89.210.46,10.0.0.13,443,50508,4315,5110,0x0018,40635,370,Web Browsing (Chrome/Edge)
1740861193.201577,185.89.210.46,10.0.0.13,443,50508,4651,7373,0x0018,42108,1034,Web Browsing (Chrome/Edge)
1740861193.203571,185.89.210.46,10.0.0.13,443,50508,5651,7373,0x0018,42108,1035,Web Browsing (Chrome/Edge)
1740861193.224208,185.89.210.46,10.0.0.13,443,50508,6652,7373,0x0010,42108,1334,Web Browsing (Chrome/Edge)
1740861193.224208,185.89.210.46,10.0.0.13,443,50508,7952,7373,0x0018,42108,371,Web Browsing (Chrome/Edge)
1740861193.248625,68.67.153.38,10.0.0.13,443,50502,38290,2217,0x0018,83,21199,Web Browsing (Chrome/Edge)
1740861193.248625,68.67.153.38,10.0.0.13,443,50502,59455,2217,0x0018,83,430,Web Browsing (Chrome/Edge)
1740861193.29608,20.42.65.93,10.0.0.13,443,50507,100,648,0x0010,16383,5678,Web Browsing (Chrome/Edge)
1740861193.29608,20.42.65.93,10.0.0.13,443,50507,5744,648,0x0018,16383,797,Web Browsing (Chrome/Edge)
1740861193.297517,10.0.0.13,20.42.65.93,50507,443,648,6507,0x0018,255,108,Web Browsing (Chrome/Edge)
1740861193.297722,10.0.0.13,20.42.65.93,50507,443,722,6507,0x0018,255,126,Web Browsing (Chrome/Edge)
1740861193.297977,10.0.0.13,20.42.65.93,50507,443,814,6507,0x0018,255,518,Web Browsing (Chrome/Edge)
1740861193.430999,20.42.65.93,10.0.0.13,443,50507,6507,814,0x0018,16383,137,Web Browsing (Chrome/Edge)
1740861193.430999,20.42.65.93,10.0.0.13,443,50507,6610,814,0x0018,16383,96,Web Browsing (Chrome/Edge)
1740861193.431477,10.0.0.13,20.42.65.93,50507,443,1298,6672,0x0018,255,65,Web Browsing (Chrome/Edge)
1740861193.432355,20.42.65.93,10.0.0.13,443,50507,6672,1298,0x0018,16381,65,Web Browsing (Chrome/Edge)
1740861193.564876,20.42.65.93,10.0.0.13,443,50507,6703,1329,0x0018,16381,420,Web Browsing (Chrome/Edge)
1740861193.567673,10.0.0.13,20.42.65.93,50492,443,41585,6703,0x0018,255,346,Web Browsing (Chrome/Edge)
1740861193.567855,10.0.0.13,20.42.65.93,50492,443,41897,6703,0x0018,255,16440,Web Browsing (Chrome/Edge)
1740861193.567995,10.0.0.13,20.42.65.93,50492,443,58303,6703,0x0018,255,9201,Web Browsing (Chrome/Edge)
1740861193.844807,10.0.0.13,13.107.136.254,50489,443,598,7678,0x0018,1018,109,Web Browsing (Chrome/Edge)
1740861193.853344,13.107.136.254,10.0.0.13,443,50489,7678,673,0x0018,16385,229,Web Browsing (Chrome/Edge)
1740861193.853344,13.107.136.254,10.0.0.13,443,50489,7873,673,0x0018,16385,65,Web Browsing (Chrome/Edge)
1740861193.858092,10.0.0.13,13.107.136.254,50489,443,673,7904,0x0018,1024,109,Web Browsing (Chrome/Edge)
1740861193.865883,13.107.136.254,10.0.0.13,443,50489,7904,748,0x0018,16385,229,Web Browsing (Chrome/Edge)
1740861193.865883,13.107.136.254,10.0.0.13,443,50489,8099,748,0x0018,16385,65,Web Browsing (Chrome/Edge)
1740861193.965745,150.171.73.254,10.0.0.13,443,50509,1,1,0x0010,16384,5678,Web Browsing (Chrome/Edge)
1740861193.965745,150.171.73.254,10.0.0.13,443,50509,5645,1,0x0018,16384,755,Web Browsing (Chrome/Edge)
1740861193.968209,10.0.0.13,150.171.73.254,50509,443,1,6366,0x0018,1024,114,Web Browsing (Chrome/Edge)
1740861193.968913,10.0.0.13,150.171.73.254,50509,443,81,6366,0x0018,1024,114,Web Browsing (Chrome/Edge)
1740861193.968993,10.0.0.13,150.171.73.254,50509,443,161,6366,0x0018,1024,363,Web Browsing (Chrome/Edge)
1740861194.017663,150.171.73.254,10.0.0.13,443,50509,6366,490,0x0018,16382,493,Web Browsing (Chrome/Edge)
1740861194.017663,150.171.73.254,10.0.0.13,443,50509,6825,490,0x0018,16382,96,Web Browsing (Chrome/Edge)
1740861194.017663,150.171.73.254,10.0.0.13,443,50509,6887,490,0x0018,16382,573,Web Browsing (Chrome/Edge)
1740861194.017663,150.171.73.254,10.0.0.13,443,50509,7426,490,0x0018,16382,65,Web Browsing (Chrome/Edge)
1740861194.01864,10.0.0.13,150.171.73.254,50509,443,490,7457,0x0018,1019,65,Web Browsing (Chrome/Edge)
1740861194.023366,10.0.0.13,150.171.73.254,50509,443,521,7457,0x0018,1019,109,Web Browsing (Chrome/Edge)
1740861194.068634,150.171.73.254,10.0.0.13,443,50509,7457,596,0x0018,16382,228,Web Browsing (Chrome/Edge)
1740861194.068634,150.171.73.254,10.0.0.13,443,50509,7651,596,0x0018,16382,65,Web Browsing (Chrome/Edge)
1740861194.162869,10.0.0.13,204.79.197.222,50490,443,1076,7131,0x0018,1020,593,Web Browsing (Chrome/Edge)
1740861194.215942,204.79.197.222,10.0.0.13,443,50490,7131,1635,0x0018,16384,180,Web Browsing (Chrome/Edge)
1740861194.215942,204.79.197.222,10.0.0.13,443,50490,7277,1635,0x0018,16384,65,Web Browsing (Chrome/Edge)
1740861194.495406,10.0.0.13,20.42.65.93,50492,443,67470,6703,0x0018,255,192,Web Browsing (Chrome/Edge)
1740861194.495482,10.0.0.13,20.42.65.93,50492,443,67628,6703,0x0018,255,8152,Web Browsing (Chrome/Edge)
1740861194.861945,10.0.0.13,20.42.65.93,50492,443,75746,6703,0x0018,255,305,Web Browsing (Chrome/Edge)
1740861194.862026,10.0.0.13,20.42.65.93,50492,443,76017,6703,0x0018,255,6911,Web Browsing (Chrome/Edge)
1740861194.863578,10.0.0.13,20.42.65.93,50492,443,82894,6703,0x0018,255,305,Web Browsing (Chrome/Edge)
1740861194.863663,10.0.0.13,20.42.65.93,50492,443,83165,6703,0x0018,255,7328,Web Browsing (Chrome/Edge)
1740861194.863827,10.0.0.13,20.42.65.93,50492,443,90459,6703,0x0018,255,304,Web Browsing (Chrome/Edge)
1740861194.863865,10.0.0.13,20.42.65.93,50492,443,90729,6703,0x0018,255,7029,Web Browsing (Chrome/Edge)
1740861195.012729,20.42.65.93,10.0.0.13,443,50492,6703,97724,0x0018,16381,69,Web Browsing (Chrome/Edge)
1740861195.088834,10.0.0.13,20.42.65.93,50492,443,97724,6738,0x0018,255,69,Web Browsing (Chrome/Edge)
1740861195.09069,10.0.0.13,20.42.65.93,50492,443,97759,6738,0x0018,255,69,Web Browsing (Chrome/Edge)
1740861195.157419,10.0.0.13,20.42.65.93,50492,443,97794,6738,0x0018,255,449,Web Browsing (Chrome/Edge)
1740861195.15751,10.0.0.13,20.42.65.93,50492,443,98209,6738,0x0018,255,7144,Web Browsing (Chrome/Edge)
1740861200.131574,10.0.0.13,10.0.0.138,50517,5431,1,1,0x0018,255,227,Web Browsing (Chrome/Edge)
1740861200.133912,10.0.0.138,10.0.0.13,5431,50517,1,194,0x0010,501,2954,Web Browsing (Chrome/Edge)
1740861200.133912,10.0.0.138,10.0.0.13,5431,50517,2921,194,0x0018,501,219,Web Browsing (Chrome/Edge)
1740861200.154335,10.0.0.13,10.0.0.138,50518,5431,1,1,0x0018,255,229,Web Browsing (Chrome/Edge)
1740861200.158531,10.0.0.138,10.0.0.13,5431,50518,1,196,0x0010,501,1494,Web Browsing (Chrome/Edge)
1740861200.158531,10.0.0.138,10.0.0.13,5431,50518,1461,196,0x0018,501,1326,Web Browsing (Chrome/Edge)
1740861201.835043,72.246.151.139,10.0.0.13,443,50491,4443,81,0x0018,501,73,Web Browsing (Chrome/Edge)
1740861201.835043,72.246.151.139,10.0.0.13,443,50491,4482,81,0x0018,501,58,Web Browsing (Chrome/Edge)
1740861202.35033,20.42.65.93,10.0.0.13,443,50492,6738,105319,0x0018,16386,637,Web Browsing (Chrome/Edge)
1740861202.525319,20.42.65.93,10.0.0.13,443,50492,7341,105319,0x0018,16386,1276,Web Browsing (Chrome/Edge)
1740861202.731789,37.252.171.21,10.0.0.13,443,50504,8020,7911,0x0018,42108,80,Web Browsing (Chrome/Edge)
1740861202.732423,37.252.171.21,10.0.0.13,443,50504,8066,7911,0x0019,42108,65,Web Browsing (Chrome/Edge)
1740861202.756937,20.42.65.93,10.0.0.13,443,50492,8583,105319,0x0018,16386,343,Web Browsing (Chrome/Edge)
1740861202.94334,20.42.65.93,10.0.0.13,443,50492,8892,105319,0x0018,16386,1237,Web Browsing (Chrome/Edge)
1740860977.314955,10.0.0.13,34.107.221.82,50082,80,1,1,0x0018,255,354,Web Browsing (Firefox)
1740860977.324501,34.107.221.82,10.0.0.13,80,50082,1,321,0x0018,1053,250,Web Browsing (Firefox)
1740860977.380431,34.117.188.166,10.0.0.13,443,50081,1,1,0x0010,1053,1445,Web Browsing (Firefox)
1740860977.380431,34.117.188.166,10.0.0.13,443,50081,1412,1,0x0018,1053,671,Web Browsing (Firefox)
1740860977.380431,34.117.188.166,10.0.0.13,443,50081,2049,1,0x0010,1053,1445,Web Browsing (Firefox)
1740860977.380431,34.117.188.166,10.0.0.13,443,50081,3460,1,0x0018,1053,671,Web Browsing (Firefox)
1740860977.380431,34.117.188.166,10.0.0.13,443,50081,4097,1,0x0018,1053,352,Web Browsing (Firefox)
1740860977.381428,10.0.0.13,34.117.188.166,50081,443,1,4415,0x0018,255,127,Web Browsing (Firefox)
1740860977.392232,34.117.188.166,10.0.0.13,443,50081,4415,94,0x0018,1053,344,Web Browsing (Firefox)
1740860977.392232,34.117.188.166,10.0.0.13,443,50081,4725,94,0x0018,1053,103,Web Browsing (Firefox)
1740860977.39279,10.0.0.13,34.117.188.166,50081,443,94,4794,0x0018,254,133,Web Browsing (Firefox)
1740860977.392827,10.0.0.13,34.117.188.166,50081,443,193,4794,0x0018,254,252,Web Browsing (Firefox)
1740860977.392843,10.0.0.13,34.117.188.166,50081,443,411,4794,0x0018,254,276,Web Browsing (Firefox)
1740860977.392982,10.0.0.13,34.117.188.166,50081,443,653,4794,0x0018,254,72,Web Browsing (Firefox)
1740860977.399282,34.117.188.166,10.0.0.13,443,50081,4794,691,0x0018,1051,72,Web Browsing (Firefox)
1740860977.589386,34.117.188.166,10.0.0.13,443,50081,4832,691,0x0018,1051,171,Web Browsing (Firefox)
1740860977.589386,34.117.188.166,10.0.0.13,443,50081,4969,691,0x0018,1051,131,Web Browsing (Firefox)
1740860977.589386,34.117.188.166,10.0.0.13,443,50081,5066,691,0x0018,1051,80,Web Browsing (Firefox)
1740860977.589615,10.0.0.13,34.117.188.166,50081,443,691,5112,0x0018,253,80,Web Browsing (Firefox)
1740860977.707374,34.107.243.93,10.0.0.13,443,50087,1,1,0x0010,1053,1445,Web Browsing (Firefox)
1740860977.707374,34.107.243.93,10.0.0.13,443,50087,1412,1,0x0018,1053,671,Web Browsing (Firefox)
1740860977.707374,34.107.243.93,10.0.0.13,443,50087,2049,1,0x0018,1053,972,Web Browsing (Firefox)
1740860977.708192,10.0.0.13,34.107.243.93,50087,443,1,2987,0x0018,255,127,Web Browsing (Firefox)
1740860977.713721,34.107.243.93,10.0.0.13,443,50087,2987,94,0x0018,1053,344,Web Browsing (Firefox)
1740860977.713721,34.107.243.93,10.0.0.13,443,50087,3297,94,0x0018,1053,103,Web Browsing (Firefox)
1740860977.714665,10.0.0.13,34.107.243.93,50087,443,94,3366,0x0018,254,133,Web Browsing (Firefox)
1740860977.714751,10.0.0.13,34.107.243.93,50087,443,193,3366,0x0018,254,72,Web Browsing (Firefox)
1740860977.719643,34.120.208.123,10.0.0.13,443,50090,1,1,0x0010,1053,1445,Web Browsing (Firefox)
1740860977.719643,34.120.208.123,10.0.0.13,443,50090,1412,1,0x0018,1053,671,Web Browsing (Firefox)
1740860977.719643,34.120.208.123,10.0.0.13,443,50090,2049,1,0x0018,1053,1417,Web Browsing (Firefox)
1740860977.719643,34.107.243.93,10.0.0.13,443,50087,3366,231,0x0018,1053,72,Web Browsing (Firefox)
1740860977.721495,10.0.0.13,34.120.208.123,50090,443,1,3432,0x0018,255,127,Web Browsing (Firefox)
1740860977.727023,34.120.208.123,10.0.0.13,443,50090,3432,94,0x0018,1053,344,Web Browsing (Firefox)
1740860977.727023,34.120.208.123,10.0.0.13,443,50090,3742,94,0x0018,1053,103,Web Browsing (Firefox)
1740860977.727934,10.0.0.13,34.120.208.123,50090,443,94,3811,0x0018,254,133,Web Browsing (Firefox)
1740860977.727955,10.0.0.13,34.120.208.123,50090,443,193,3811,0x0018,254,459,Web Browsing (Firefox)
1740860977.727971,10.0.0.13,34.120.208.123,50090,443,618,3811,0x0018,254,2206,Web Browsing (Firefox)
1740860977.728048,10.0.0.13,34.120.208.123,50090,443,2790,3811,0x0018,254,72,Web Browsing (Firefox)
1740860977.734739,34.120.208.123,10.0.0.13,443,50090,3811,2828,0x0018,1043,72,Web Browsing (Firefox)
1740860977.833332,10.0.0.13,34.107.221.82,50082,80,321,217,0x0018,255,354,Web Browsing (Firefox)
1740860977.843474,34.107.221.82,10.0.0.13,80,50082,217,641,0x0018,1052,250,Web Browsing (Firefox)
1740860977.844541,34.107.243.93,10.0.0.13,443,50091,1,1,0x0018,1052,196,Web Browsing (Firefox)
1740860977.844739,10.0.0.13,34.107.243.93,50091,443,1,163,0x0018,255,85,Web Browsing (Firefox)
1740860977.844905,10.0.0.13,34.107.243.93,50091,443,52,163,0x0018,255,673,Web Browsing (Firefox)
1740860977.978575,34.120.208.123,10.0.0.13,443,50090,3849,2828,0x0018,1043,490,Web Browsing (Firefox)
1740860977.978575,34.120.208.123,10.0.0.13,443,50090,4305,2828,0x0018,1043,313,Web Browsing (Firefox)
1740860977.978575,34.120.208.123,10.0.0.13,443,50090,4584,2828,0x0018,1043,80,Web Browsing (Firefox)
1740860977.978941,10.0.0.13,34.120.208.123,50090,443,2828,4630,0x0018,251,80,Web Browsing (Firefox)
1740860977.983872,10.0.0.13,34.120.208.123,50090,443,2874,4630,0x0018,251,165,Web Browsing (Firefox)
1740860977.983919,10.0.0.13,34.120.208.123,50090,443,3005,4630,0x0018,251,1287,Web Browsing (Firefox)
1740860978.038472,34.107.243.93,10.0.0.13,443,50091,163,691,0x0018,1050,303,Web Browsing (Firefox)
1740860978.040235,10.0.0.13,34.107.243.93,50091,443,691,432,0x0018,254,180,Web Browsing (Firefox)
1740860978.227588,34.107.243.93,10.0.0.13,443,50091,432,837,0x0018,1050,178,Web Browsing (Firefox)
1740860978.228933,34.120.208.123,10.0.0.13,443,50090,4630,4258,0x0018,1039,109,Web Browsing (Firefox)
1740860978.228933,34.120.208.123,10.0.0.13,443,50090,4705,4258,0x0018,1039,289,Web Browsing (Firefox)
1740860978.228933,34.120.208.123,10.0.0.13,443,50090,4960,4258,0x0018,1039,80,Web Browsing (Firefox)
1740860978.229344,10.0.0.13,34.120.208.123,50090,443,4258,5006,0x0018,255,80,Web Browsing (Firefox)
1740860978.238495,10.0.0.13,34.120.208.123,50090,443,4304,5006,0x0018,255,194,Web Browsing (Firefox)
1740860978.23856,10.0.0.13,34.120.208.123,50090,443,4464,5006,0x0018,255,926,Web Browsing (Firefox)
1740860978.492365,34.120.208.123,10.0.0.13,443,50090,5006,5356,0x0018,1036,109,Web Browsing (Firefox)
1740860978.492365,34.120.208.123,10.0.0.13,443,50090,5081,5356,0x0018,1036,138,Web Browsing (Firefox)
1740860978.492365,34.120.208.123,10.0.0.13,443,50090,5185,5356,0x0018,1036,80,Web Browsing (Firefox)
1740860978.492902,10.0.0.13,34.120.208.123,50090,443,5356,5231,0x0018,255,80,Web Browsing (Firefox)
1740860978.497899,10.0.0.13,34.120.208.123,50090,443,5402,5231,0x0018,255,166,Web Browsing (Firefox)
1740860978.497976,10.0.0.13,34.120.208.123,50090,443,5534,5231,0x0018,255,549,Web Browsing (Firefox)
1740860978.740894,34.120.208.123,10.0.0.13,443,50090,5231,6049,0x0018,1034,109,Web Browsing (Firefox)
1740860978.740894,34.120.208.123,10.0.0.13,443,50090,5306,6049,0x0018,1034,220,Web Browsing (Firefox)
1740860978.740894,34.120.208.123,10.0.0.13,443,50090,5492,6049,0x0018,1034,80,Web Browsing (Firefox)
1740860978.741155,10.0.0.13,34.120.208.123,50090,443,6049,5538,0x0018,253,80,Web Browsing (Firefox)
1740860978.743737,10.0.0.13,34.120.208.123,50090,443,6095,5538,0x0018,253,177,Web Browsing (Firefox)
1740860978.743775,10.0.0.13,34.120.208.123,50090,443,6238,5538,0x0018,253,1462,Web Browsing (Firefox)
1740860978.74383,10.0.0.13,34.120.208.123,50090,443,7666,5538,0x0018,253,761,Web Browsing (Firefox)
1740860978.98122,34.120.208.123,10.0.0.13,443,50090,5538,8393,0x0018,1027,109,Web Browsing (Firefox)
1740860978.98122,34.120.208.123,10.0.0.13,443,50090,5613,8393,0x0018,1027,293,Web Browsing (Firefox)
1740860978.98122,34.120.208.123,10.0.0.13,443,50090,5872,8393,0x0018,1027,80,Web Browsing (Firefox)
1740860978.981598,10.0.0.13,34.120.208.123,50090,443,8393,5918,0x0018,252,80,Web Browsing (Firefox)
1740860978.984457,10.0.0.13,34.120.208.123,50090,443,8439,5918,0x0018,252,166,Web Browsing (Firefox)
1740860978.984499,10.0.0.13,34.120.208.123,50090,443,8571,5918,0x0018,252,1084,Web Browsing (Firefox)
1740860979.192139,34.120.208.123,10.0.0.13,443,50090,5918,9621,0x0018,1023,109,Web Browsing (Firefox)
1740860979.192139,34.120.208.123,10.0.0.13,443,50090,5993,9621,0x0018,1023,156,Web Browsing (Firefox)
1740860979.192139,34.120.208.123,10.0.0.13,443,50090,6115,9621,0x0018,1023,80,Web Browsing (Firefox)
1740860979.192514,10.0.0.13,34.120.208.123,50090,443,9621,6161,0x0018,251,80,Web Browsing (Firefox)
1740860979.197065,10.0.0.13,34.120.208.123,50090,443,9667,6161,0x0018,251,195,Web Browsing (Firefox)
1740860979.197166,10.0.0.13,34.120.208.123,50090,443,9828,6161,0x0018,251,212,Web Browsing (Firefox)
1740860979.448287,34.120.208.123,10.0.0.13,443,50090,6161,10006,0x0018,1023,109,Web Browsing (Firefox)
1740860979.448287,34.120.208.123,10.0.0.13,443,50090,6236,10006,0x0018,1023,253,Web Browsing (Firefox)
1740860979.448501,34.120.208.123,10.0.0.13,443,50090,6455,10006,0x0018,1023,80,Web Browsing (Firefox)
1740860979.449093,10.0.0.13,34.120.208.123,50090,443,10006,6501,0x0018,255,80,Web Browsing (Firefox)
1740860980.425731,10.0.0.13,34.120.208.123,50090,443,10052,6501,0x0018,255,189,Web Browsing (Firefox)
1740860980.425851,10.0.0.13,34.120.208.123,50090,443,10207,6501,0x0018,255,1463,Web Browsing (Firefox)
1740860980.675171,34.120.208.123,10.0.0.13,443,50090,6501,11636,0x0018,1018,109,Web Browsing (Firefox)
1740860980.675171,34.120.208.123,10.0.0.13,443,50090,6576,11636,0x0018,1018,208,Web Browsing (Firefox)
1740860980.675171,34.120.208.123,10.0.0.13,443,50090,6750,11636,0x0018,1018,80,Web Browsing (Firefox)
1740860980.675649,10.0.0.13,34.120.208.123,50090,443,11636,6796,0x0018,254,80,Web Browsing (Firefox)
1740860980.86609,142.250.75.66,10.0.0.13,443,50098,1,1,0x0010,1053,2856,Web Browsing (Firefox)
1740860980.86609,142.250.75.66,10.0.0.13,443,50098,2823,1,0x0018,1053,1249,Web Browsing (Firefox)
1740860980.867019,10.0.0.13,142.250.75.66,50098,443,1,4038,0x0018,255,127,Web Browsing (Firefox)
1740860980.869644,142.250.75.66,10.0.0.13,443,50099,1,1,0x0010,1053,2856,Web Browsing (Firefox)
1740860980.869644,142.250.75.66,10.0.0.13,443,50099,2823,1,0x0018,1053,1248,Web Browsing (Firefox)
1740860980.87047,10.0.0.13,142.250.75.66,50099,443,1,4037,0x0018,255,127,Web Browsing (Firefox)
1740860980.87335,142.250.75.66,10.0.0.13,443,50098,4038,94,0x0018,1053,329,Web Browsing (Firefox)
1740860980.87335,142.250.75.66,10.0.0.13,443,50098,4333,94,0x0018,1053,103,Web Browsing (Firefox)
1740860980.877538,142.250.75.66,10.0.0.13,443,50099,4037,94,0x0018,1053,329,Web Browsing (Firefox)
1740860980.877538,142.250.75.66,10.0.0.13,443,50099,4332,94,0x0018,1053,103,Web Browsing (Firefox)
1740860980.941298,10.0.0.13,142.250.75.66,50098,443,94,4402,0x0018,254,133,Web Browsing (Firefox)
1740860980.941376,10.0.0.13,142.250.75.66,50098,443,193,4402,0x0018,254,438,Web Browsing (Firefox)
1740860980.942137,10.0.0.13,142.250.75.66,50098,443,597,4402,0x0018,254,72,Web Browsing (Firefox)
1740860980.943745,10.0.0.13,142.250.75.66,50099,443,94,4401,0x0018,254,150,Web Browsing (Firefox)
1740860980.944678,10.0.0.13,142.250.75.66,50099,443,210,4401,0x0018,254,65,Web Browsing (Firefox)
1740860980.946531,142.250.75.66,10.0.0.13,443,50098,4402,635,0x0018,1051,72,Web Browsing (Firefox)
1740860980.951936,142.250.75.66,10.0.0.13,443,50099,4401,241,0x0018,1053,72,Web Browsing (Firefox)
1740860981.004874,142.250.75.66,10.0.0.13,443,50098,4440,635,0x0018,1051,420,Web Browsing (Firefox)
1740860981.00688,142.250.75.66,10.0.0.13,443,50098,4826,635,0x0018,1051,72,Web Browsing (Firefox)
1740860981.00688,142.250.75.66,10.0.0.13,443,50098,4864,635,0x0018,1051,80,Web Browsing (Firefox)
1740860981.007673,10.0.0.13,142.250.75.66,50098,443,635,4910,0x0018,252,80,Web Browsing (Firefox)
1741038374.050537,162.159.133.234,10.0.0.13,443,49195,1,1,0x0018,15,84,Video Streaming (YouTube)
1740860782.655343,10.0.0.13,20.190.147.8,49745,443,1,1,0x0018,255,326,Audio Streaming (Spotify)
1740860782.655515,10.0.0.13,20.190.147.8,49745,443,293,1,0x0018,255,6639,Audio Streaming (Spotify)
1740860782.870231,20.190.147.8,10.0.0.13,443,49745,1,6898,0x0010,16386,16966,Audio Streaming (Spotify)
1740860782.870231,20.190.147.8,10.0.0.13,443,49745,16933,6898,0x0018,16386,499,Audio Streaming (Spotify)
1740860783.287197,10.0.0.13,72.25.64.32,49930,443,1,1,0x0018,255,238,Audio Streaming (Spotify)
1740860783.477021,10.0.0.13,204.79.197.203,49931,443,1,1,0x0018,255,1788,Audio Streaming (Spotify)
1740860783.484094,204.79.197.203,10.0.0.13,443,49931,1,1755,0x0018,16386,133,Audio Streaming (Spotify)
1740860783.484846,10.0.0.13,204.79.197.203,49931,443,1755,100,0x0018,255,634,Audio Streaming (Spotify)
1740860783.492958,204.79.197.203,10.0.0.13,443,49931,100,2355,0x0010,16383,5678,Audio Streaming (Spotify)
1740860783.492958,204.79.197.203,10.0.0.13,443,49931,5744,2355,0x0018,16383,421,Audio Streaming (Spotify)
1740860783.495136,10.0.0.13,204.79.197.203,49931,443,2355,6131,0x0018,255,108,Audio Streaming (Spotify)
1740860783.500552,204.79.197.203,10.0.0.13,443,49931,6131,2429,0x0018,16383,493,Audio Streaming (Spotify)
1740860783.500552,204.79.197.203,10.0.0.13,443,49931,6590,2429,0x0018,16383,96,Audio Streaming (Spotify)
1740860783.516135,72.25.64.32,10.0.0.13,443,49930,1,205,0x0018,511,1254,Audio Streaming (Spotify)
1740860783.516135,72.25.64.32,10.0.0.13,443,49930,1221,205,0x0018,511,1254,Audio Streaming (Spotify)
1740860783.516135,72.25.64.32,10.0.0.13,443,49930,2441,205,0x0018,511,933,Audio Streaming (Spotify)
1740860783.516135,72.25.64.32,10.0.0.13,443,49930,3340,205,0x0018,511,376,Audio Streaming (Spotify)
1740860783.519025,10.0.0.13,72.25.64.32,49930,443,205,3682,0x0018,255,216,Audio Streaming (Spotify)
1740860783.74599,72.25.64.32,10.0.0.13,443,49930,3682,387,0x0018,511,40,Audio Streaming (Spotify)
1740860783.74599,72.25.64.32,10.0.0.13,443,49930,3688,387,0x0018,511,135,Audio Streaming (Spotify)
1740860783.746869,10.0.0.13,72.25.64.32,49930,443,387,3789,0x0018,255,407,Audio Streaming (Spotify)
1740860783.747002,10.0.0.13,72.25.64.32,49930,443,760,3789,0x0018,255,1047,Audio Streaming (Spotify)
1740860783.983505,72.25.64.32,10.0.0.13,443,49930,3789,1773,0x0018,513,423,Audio Streaming (Spotify)
1740860783.98372,10.0.0.13,72.25.64.32,49930,443,1773,4178,0x0018,254,119,Audio Streaming (Spotify)
1740860783.983969,72.25.64.32,10.0.0.13,443,49930,4178,1773,0x0011,513,119,Audio Streaming (Spotify)
1740860784.240398,10.0.0.13,18.198.97.72,49933,443,1,1,0x0018,255,244,Audio Streaming (Spotify)
1740860784.277092,10.0.0.13,72.25.64.32,49932,443,1,1,0x0018,255,238,Audio Streaming (Spotify)
1740860784.31051,18.198.97.72,10.0.0.13,443,49933,1,211,0x0010,110,4267,Audio Streaming (Spotify)
1740860784.31051,18.198.97.72,10.0.0.13,443,49933,4234,211,0x0018,110,40,Audio Streaming (Spotify)
1740860784.315269,10.0.0.13,18.198.97.72,49933,443,211,4239,0x0018,255,127,Audio Streaming (Spotify)
1740860784.383905,18.198.97.72,10.0.0.13,443,49933,4239,304,0x0018,110,238,Audio Streaming (Spotify)
1740860784.383905,18.198.97.72,10.0.0.13,443,49933,4443,304,0x0018,110,103,Audio Streaming (Spotify)
1740860784.385487,10.0.0.13,18.198.97.72,49933,443,304,4512,0x0018,254,121,Audio Streaming (Spotify)
1740860784.385636,10.0.0.13,18.198.97.72,49933,443,391,4512,0x0018,254,160,Audio Streaming (Spotify)
1740860784.385814,10.0.0.13,18.198.97.72,49933,443,517,4512,0x0018,254,72,Audio Streaming (Spotify)
1740860784.38595,10.0.0.13,18.198.97.72,49933,443,555,4512,0x0018,254,1758,Audio Streaming (Spotify)
1740860784.454836,18.198.97.72,10.0.0.13,443,49933,4512,555,0x0018,110,72,Audio Streaming (Spotify)
1740860784.455597,18.198.97.72,10.0.0.13,443,49933,4550,2279,0x0018,191,284,Audio Streaming (Spotify)
1740860784.455597,18.198.97.72,10.0.0.13,443,49933,4800,2279,0x0018,191,72,Audio Streaming (Spotify)
1740860784.508232,72.25.64.32,10.0.0.13,443,49932,1,205,0x0018,511,2694,Audio Streaming (Spotify)
1740860784.508232,72.25.64.32,10.0.0.13,443,49932,2661,205,0x0018,511,713,Audio Streaming (Spotify)
1740860784.511074,72.25.64.32,10.0.0.13,443,49932,3340,205,0x0018,511,376,Audio Streaming (Spotify)
1740860784.514573,10.0.0.13,72.25.64.32,49932,443,205,3682,0x0018,254,216,Audio Streaming (Spotify)
1740860784.526606,18.198.97.72,10.0.0.13,443,49933,4838,2280,0x0018,191,65,Audio Streaming (Spotify)
1740860784.744551,72.25.64.32,10.0.0.13,443,49932,3682,387,0x0018,511,40,Audio Streaming (Spotify)
1740860784.744551,72.25.64.32,10.0.0.13,443,49932,3688,387,0x0018,511,135,Audio Streaming (Spotify)
1740860784.745763,10.0.0.13,72.25.64.32,49932,443,387,3789,0x0018,254,407,Audio Streaming (Spotify)
1740860784.745937,10.0.0.13,72.25.64.32,49932,443,760,3789,0x0018,254,679,Audio Streaming (Spotify)
1740860784.979922,72.25.64.32,10.0.0.13,443,49932,3789,1405,0x0018,512,423,Audio Streaming (Spotify)
1740860784.980065,10.0.0.13,72.25.64.32,49932,443,1405,4178,0x0018,252,119,Audio Streaming (Spotify)
1740860784.980564,72.25.64.32,10.0.0.13,443,49932,4178,1405,0x0011,512,119,Audio Streaming (Spotify)
1740860785.190133,10.0.0.13,66.235.152.225,49935,443,1,1,0x0018,255,551,Audio Streaming (Spotify)
1740860785.266852,66.235.152.225,10.0.0.13,443,49935,1,518,0x0018,486,2856,Audio Streaming (Spotify)
1740860785.266852,66.235.152.225,10.0.0.13,443,49935,2823,518,0x0018,486,650,Audio Streaming (Spotify)
1740860785.286964,10.0.0.13,66.235.152.225,49935,443,518,3439,0x0018,255,98,Audio Streaming (Spotify)
1740860785.287225,10.0.0.13,66.235.152.225,49935,443,582,3439,0x0018,255,120,Audio Streaming (Spotify)
1740860785.287471,10.0.0.13,66.235.152.225,49935,443,668,3439,0x0018,255,700,Audio Streaming (Spotify)
1740860785.364264,66.235.152.225,10.0.0.13,443,49935,3439,1334,0x0018,480,561,Audio Streaming (Spotify)
1740860785.364707,10.0.0.13,66.235.152.225,49935,443,1334,3966,0x0018,253,65,Audio Streaming (Spotify)
1740860785.374711,66.235.152.225,10.0.0.13,443,49935,3966,1334,0x0018,480,663,Audio Streaming (Spotify)
1740860786.831608,10.0.0.13,72.25.64.32,49954,443,1,1,0x0018,255,238,Audio Streaming (Spotify)
1740860787.053956,72.25.64.32,10.0.0.13,443,49954,1,205,0x0018,511,2474,Audio Streaming (Spotify)
1740860787.053956,72.25.64.32,10.0.0.13,443,49954,2441,205,0x0018,511,933,Audio Streaming (Spotify)
1740860787.054197,72.25.64.32,10.0.0.13,443,49954,3340,205,0x0018,511,376,Audio Streaming (Spotify)
1740860787.058161,10.0.0.13,72.25.64.32,49954,443,205,3682,0x0018,254,216,Audio Streaming (Spotify)
1740860787.279116,72.25.64.32,10.0.0.13,443,49954,3682,387,0x0018,511,40,Audio Streaming (Spotify)
1740860787.279116,72.25.64.32,10.0.0.13,443,49954,3688,387,0x0018,511,135,Audio Streaming (Spotify)
1740860787.280713,10.0.0.13,72.25.64.32,49954,443,387,3789,0x0018,254,407,Audio Streaming (Spotify)
1740860787.281004,10.0.0.13,72.25.64.32,49954,443,760,3789,0x0018,254,1031,Audio Streaming (Spotify)
1740860787.51281,72.25.64.32,10.0.0.13,443,49954,3789,1757,0x0018,512,423,Audio Streaming (Spotify)
1740860787.513021,72.25.64.32,10.0.0.13,443,49954,4178,1757,0x0011,512,119,Audio Streaming (Spotify)
1740860787.513132,10.0.0.13,72.25.64.32,49954,443,1757,4264,0x0018,252,119,Audio Streaming (Spotify)
1740860788.352212,72.246.151.160,10.0.0.13,443,49758,1,1,0x0018,502,58,Audio Streaming (Spotify)
1740860788.586281,23.195.8.186,10.0.0.13,443,49763,1,1,0x0018,501,58,Audio Streaming (Spotify)
1740860789.228258,10.0.0.13,18.198.97.72,49962,443,1,1,0x0018,255,244,Audio Streaming (Spotify)
1740860789.298235,18.198.97.72,10.0.0.13,443,49962,1,211,0x0010,110,4267,Audio Streaming (Spotify)
1740860789.298235,18.198.97.72,10.0.0.13,443,49962,4234,211,0x0018,110,40,Audio Streaming (Spotify)
1740860789.301046,10.0.0.13,18.198.97.72,49962,443,211,4239,0x0018,255,127,Audio Streaming (Spotify)
1740860789.370079,18.198.97.72,10.0.0.13,443,49962,4239,304,0x0018,110,238,Audio Streaming (Spotify)
1740860789.370079,18.198.97.72,10.0.0.13,443,49962,4443,304,0x0018,110,103,Audio Streaming (Spotify)
1740860789.372318,10.0.0.13,18.198.97.72,49962,443,304,4512,0x0018,254,121,Audio Streaming (Spotify)
1740860789.372443,10.0.0.13,18.198.97.72,49962,443,391,4512,0x0018,254,160,Audio Streaming (Spotify)
1740860789.372545,10.0.0.13,18.198.97.72,49962,443,517,4512,0x0018,254,72,Audio Streaming (Spotify)
1740860789.372638,10.0.0.13,18.198.97.72,49962,443,555,4512,0x0018,254,1719,Audio Streaming (Spotify)
1740860789.441945,18.198.97.72,10.0.0.13,443,49962,4512,517,0x0018,110,72,Audio Streaming (Spotify)
1740860789.452507,18.198.97.72,10.0.0.13,443,49962,4550,2240,0x0018,191,284,Audio Streaming (Spotify)
1740860789.452507,18.198.97.72,10.0.0.13,443,49962,4800,2240,0x0018,191,72,Audio Streaming (Spotify)
1740860789.529075,18.198.97.72,10.0.0.13,443,49962,4838,2241,0x0018,191,65,Audio Streaming (Spotify)
1740860790.273494,10.0.0.13,34.120.195.249,49965,443,1,1,0x0018,255,1767,Audio Streaming (Spotify)
1740860790.282614,34.120.195.249,10.0.0.13,443,49965,1,1734,0x0010,1047,1445,Audio Streaming (Spotify)
1740860790.282614,34.120.195.249,10.0.0.13,443,49965,1412,1734,0x0010,1047,1445,Audio Streaming (Spotify)
1740860790.282614,34.120.195.249,10.0.0.13,443,49965,2823,1734,0x0018,1047,749,Audio Streaming (Spotify)
1740860790.357223,10.0.0.13,34.120.195.249,49965,443,1734,3538,0x0018,255,98,Audio Streaming (Spotify)
1740860790.358189,10.0.0.13,34.120.195.249,49965,443,1798,3538,0x0018,255,126,Audio Streaming (Spotify)
1740860790.364809,34.120.195.249,10.0.0.13,443,49965,3538,1890,0x0018,1047,620,Audio Streaming (Spotify)
1740860790.364809,34.120.195.249,10.0.0.13,443,49965,4124,1890,0x0018,1047,65,Audio Streaming (Spotify)
1740860790.364979,10.0.0.13,34.120.195.249,49965,443,1890,4155,0x0018,253,65,Audio Streaming (Spotify)
1740860790.67172,20.190.147.8,10.0.0.13,443,49740,1,1,0x0010,16382,5678,Audio Streaming (Spotify)
1740860790.672077,20.190.147.8,10.0.0.13,443,49740,5645,1,0x0010,16382,11322,Audio Streaming (Spotify)
1740860790.672077,20.190.147.8,10.0.0.13,443,49740,16933,1,0x0018,16382,991,Audio Streaming (Spotify)
1740860791.074957,10.0.0.13,72.25.64.32,49966,443,1,1,0x0018,255,551,Audio Streaming (Spotify)
1740860791.157581,10.0.0.13,20.190.147.8,49739,443,1,1,0x0018,255,326,Audio Streaming (Spotify)
1740860791.157731,10.0.0.13,20.190.147.8,49739,443,293,1,0x0018,255,7094,Audio Streaming (Spotify)
1740860791.303283,72.25.64.32,10.0.0.13,443,49966,1,518,0x0018,508,2694,Audio Streaming (Spotify)
1740860791.303283,72.25.64.32,10.0.0.13,443,49966,2661,518,0x0018,508,713,Audio Streaming (Spotify)
1740860791.304844,72.25.64.32,10.0.0.13,443,49966,3340,518,0x0018,508,376,Audio Streaming (Spotify)
1740860791.311704,10.0.0.13,72.25.64.32,49966,443,518,3682,0x0018,254,160,Audio Streaming (Spotify)
1740860791.31228,10.0.0.13,72.25.64.32,49966,443,644,3682,0x0018,254,551,Audio Streaming (Spotify)
1740860791.312377,10.0.0.13,72.25.64.32,49966,443,1161,3682,0x0018,254,1151,Audio Streaming (Spotify)
1740860791.356343,20.190.147.8,10.0.0.13,443,49739,1,7353,0x0010,16381,16966,Audio Streaming (Spotify)
1740860791.356343,20.190.147.8,10.0.0.13,443,49739,16933,7353,0x0018,16381,1395,Audio Streaming (Spotify)
1740860791.539535,72.25.64.32,10.0.0.13,443,49966,3682,1161,0x0018,506,40,Audio Streaming (Spotify)
1740860791.540956,72.25.64.32,10.0.0.13,443,49966,3688,1161,0x0018,506,79,Audio Streaming (Spotify)
1740860791.554777,72.25.64.32,10.0.0.13,443,49966,3733,2278,0x0018,509,411,Audio Streaming (Spotify)
1740860806.207416,10.0.0.13,20.190.147.8,49745,443,6898,17398,0x0018,255,326,Audio Streaming (Spotify)
1740860806.207539,10.0.0.13,20.190.147.8,49745,443,7190,17398,0x0018,255,6707,Audio Streaming (Spotify)
1740860806.428149,20.190.147.8,10.0.0.13,443,49745,17398,13863,0x0010,16382,16966,Audio Streaming (Spotify)
1740860806.428149,20.190.147.8,10.0.0.13,443,49745,34330,13863,0x0018,16382,647,Audio Streaming (Spotify)
1740860807.8158,10.0.0.13,40.69.75.248,49969,443,1,1,0x0018,255,249,Audio Streaming (Spotify)
1740860807.897709,40.69.75.248,10.0.0.13,443,49969,1,216,0x0010,2049,1445,Audio Streaming (Spotify)
1740860807.897709,40.69.75.248,10.0.0.13,443,49969,1412,216,0x0018,2049,1055,Audio Streaming (Spotify)
1740860807.90677,10.0.0.13,40.69.75.248,49969,443,216,2433,0x0018,255,192,Audio Streaming (Spotify)
1740860807.988136,40.69.75.248,10.0.0.13,443,49969,2433,374,0x0018,2048,85,Audio Streaming (Spotify)
1740860807.988303,40.69.75.248,10.0.0.13,443,49969,2484,374,0x0018,2048,103,Audio Streaming (Spotify)
1740860808.004369,10.0.0.13,40.69.75.248,49969,443,374,2553,0x0018,255,121,Audio Streaming (Spotify)
1740860808.004531,10.0.0.13,40.69.75.248,49969,443,461,2553,0x0018,255,208,Audio Streaming (Spotify)
1740860808.00475,10.0.0.13,40.69.75.248,49969,443,635,2553,0x0018,255,72,Audio Streaming (Spotify)
1740860808.0845,40.69.75.248,10.0.0.13,443,49969,2553,673,0x0018,2047,72,Audio Streaming (Spotify)
1740860808.087891,40.69.75.248,10.0.0.13,443,49969,2591,673,0x0018,2047,611,Audio Streaming (Spotify)
1740860808.136081,10.0.0.13,23.195.9.197,49972,443,1,1,0x0018,255,251,Audio Streaming (Spotify)
1740860808.141388,23.195.9.197,10.0.0.13,443,49972,1,218,0x0018,501,2856,Audio Streaming (Spotify)
1740860808.141388,23.195.9.197,10.0.0.13,443,49972,2823,218,0x0018,501,1308,Audio Streaming (Spotify)
1740860808.143233,23.195.9.197,10.0.0.13,443,49972,4097,218,0x0010,501,1445,Audio Streaming (Spotify)
1740860808.14571,23.195.9.197,10.0.0.13,443,49972,5508,218,0x0018,501,528,Audio Streaming (Spotify)
1740860808.155367,10.0.0.13,23.195.9.197,49972,443,218,6002,0x0018,255,160,Audio Streaming (Spotify)
1740860808.160179,23.195.9.197,10.0.0.13,443,49972,6002,344,0x0018,501,324,Audio Streaming (Spotify)
1740860808.16426,10.0.0.13,23.195.9.197,49972,443,344,6292,0x0018,254,360,Audio Streaming (Spotify)
1740860808.170261,23.195.9.197,10.0.0.13,443,49972,6292,670,0x0018,501,1376,Audio Streaming (Spotify)
1740860808.218819,10.0.0.13,23.195.9.197,49975,443,1,1,0x0018,255,251,Audio Streaming (Spotify)
1740860808.219228,10.0.0.13,23.195.9.197,49974,443,1,1,0x0018,255,251,Audio Streaming (Spotify)
1740860808.219545,10.0.0.13,23.195.9.197,49976,443,1,1,0x0018,255,251,Audio Streaming (Spotify)
1740860808.219924,10.0.0.13,23.195.9.197,49973,443,1,1,0x0018,255,251,Audio Streaming (Spotify)
1740860808.224436,23.195.9.197,10.0.0.13,443,49975,1,218,0x0018,501,2856,Audio Streaming (Spotify)
1740860808.224436,23.195.9.197,10.0.0.13,443,49975,2823,218,0x0018,501,1308,Audio Streaming (Spotify)
1740860808.225527,23.195.9.197,10.0.0.13,443,49974,1,218,0x0018,501,2856,Audio Streaming (Spotify)
1740860808.225527,23.195.9.197,10.0.0.13,443,49976,1,218,0x0018,501,2856,Audio Streaming (Spotify)
1740860808.225527,23.195.9.197,10.0.0.13,443,49974,2823,218,0x0018,501,1308,Audio Streaming (Spotify)
1740860808.225527,23.195.9.197,10.0.0.13,443,49976,2823,218,0x0018,501,1308,Audio Streaming (Spotify)
1740860808.226556,23.195.9.197,10.0.0.13,443,49973,1,218,0x0018,501,2856,Audio Streaming (Spotify)
1740860808.226556,23.195.9.197,10.0.0.13,443,49973,2823,218,0x0018,501,1308,Audio Streaming (Spotify)
1740860808.226556,23.195.9.197,10.0.0.13,443,49975,4097,218,0x0010,501,1445,Audio Streaming (Spotify)
1740860808.226556,23.195.9.197,10.0.0.13,443,49976,4097,218,0x0010,501,1445,Audio Streaming (Spotify)
1740860808.226926,23.195.9.197,10.0.0.13,443,49974,4097,218,0x0010,501,1445,Audio Streaming (Spotify)
1740860808.227764,23.195.9.197,10.0.0.13,443,49973,4097,218,0x0010,501,1445,Audio Streaming (Spotify)
1740860808.228857,23.195.9.197,10.0.0.13,443,49975,5508,218,0x0018,501,528,Audio Streaming (Spotify)
1740860808.230212,23.195.9.197,10.0.0.13,443,49974,5508,218,0x0018,501,528,Audio Streaming (Spotify)
1740860808.230212,23.195.9.197,10.0.0.13,443,49976,5508,218,0x0018,501,528,Audio Streaming (Spotify)
1740860808.231283,23.195.9.197,10.0.0.13,443,49973,5508,218,0x0018,501,528,Audio Streaming (Spotify)
1740860808.234096,10.0.0.13,23.195.9.197,49974,443,218,6002,0x0018,255,160,Audio Streaming (Spotify)
1740860808.234331,10.0.0.13,23.195.9.197,49975,443,218,6002,0x0018,255,160,Audio Streaming (Spotify)
1740860808.235261,10.0.0.13,23.195.9.197,49973,443,218,6002,0x0018,255,160,Audio Streaming (Spotify)
1740860808.235767,10.0.0.13,23.195.9.197,49976,443,218,6002,0x0018,255,160,Audio Streaming (Spotify)
1740860808.238691,23.195.9.197,10.0.0.13,443,49974,6002,344,0x0018,501,324,Audio Streaming (Spotify)
1740860808.239341,23.195.9.197,10.0.0.13,443,49975,6002,344,0x0018,501,324,Audio Streaming (Spotify)
1740860808.240127,10.0.0.13,23.195.9.197,49974,443,344,6292,0x0018,254,603,Audio Streaming (Spotify)
1740860808.240714,10.0.0.13,23.195.9.197,49975,443,344,6292,0x0018,254,603,Audio Streaming (Spotify)
1740860808.241221,23.195.9.197,10.0.0.13,443,49973,6002,344,0x0018,501,324,Audio Streaming (Spotify)
1740860808.242497,10.0.0.13,23.195.9.197,49973,443,344,6292,0x0018,254,603,Audio Streaming (Spotify)
1740860808.243372,23.195.9.197,10.0.0.13,443,49976,6002,344,0x0018,501,324,Audio Streaming (Spotify)
1740860808.244643,10.0.0.13,23.195.9.197,49976,443,344,6292,0x0018,254,603,Audio Streaming (Spotify)
1740860808.246383,23.195.9.197,10.0.0.13,443,49975,6292,913,0x0018,501,802,Audio Streaming (Spotify)
1740860808.248562,23.195.9.197,10.0.0.13,443,49973,6292,913,0x0018,501,802,Audio Streaming (Spotify)
1740860808.250595,23.195.9.197,10.0.0.13,443,49976,6292,913,0x0018,501,802,Audio Streaming (Spotify)
1740860808.256803,23.195.9.197,10.0.0.13,443,49974,6292,913,0x0018,501,802,Audio Streaming (Spotify)
1740860815.372692,66.235.152.225,10.0.0.13,443,49935,4595,1365,0x0018,480,73,Audio Streaming (Spotify)
1740860815.447375,66.235.152.225,10.0.0.13,443,49935,4634,1366,0x0018,480,58,Audio Streaming (Spotify)
1740861403.662684,206.247.58.122,10.0.0.13,443,50579,1,1,0x0010,16,40,Video Conferencing (Zoom)
1740861403.662684,206.247.58.122,10.0.0.13,443,50579,1,154,0x0010,16,40,Video Conferencing (Zoom)
1740861403.666248,206.247.58.122,10.0.0.13,443,50579,1,154,0x0018,16,84,Video Conferencing (Zoom)
1740861403.709328,10.0.0.13,206.247.58.122,50579,443,154,51,0x0010,253,34,Video Conferencing (Zoom)
1740861403.924165,206.247.58.122,10.0.0.13,443,50579,51,154,0x0018,16,160,Video Conferencing (Zoom)
1740861403.924203,10.0.0.13,206.247.58.122,50579,443,154,177,0x0010,253,34,Video Conferencing (Zoom)
1740861403.924301,10.0.0.13,206.247.58.122,50579,443,154,177,0x0018,253,84,Video Conferencing (Zoom)
1740861404.103279,206.247.58.122,10.0.0.13,443,50579,177,204,0x0010,16,40,Video Conferencing (Zoom)
1740861404.340431,10.0.0.13,206.247.58.122,50579,443,204,177,0x0018,253,72,Video Conferencing (Zoom)
1740861404.470298,206.247.58.122,10.0.0.13,443,50579,177,204,0x0018,16,83,Video Conferencing (Zoom)
1740861404.470546,10.0.0.13,206.247.58.122,50579,443,242,226,0x0018,253,101,Video Conferencing (Zoom)
1740861404.486332,206.247.58.122,10.0.0.13,443,50579,226,242,0x0010,16,40,Video Conferencing (Zoom)
1740861404.486332,206.247.58.122,10.0.0.13,443,50579,226,242,0x0018,16,72,Video Conferencing (Zoom)
1740861404.533014,10.0.0.13,206.247.58.122,50579,443,309,264,0x0010,253,34,Video Conferencing (Zoom)
1740861404.651169,206.247.58.122,10.0.0.13,443,50579,264,309,0x0010,16,40,Video Conferencing (Zoom)
1740861405.268201,10.0.0.13,206.247.58.122,50584,443,1,1,0x0018,254,72,Video Conferencing (Zoom)
1740861405.418595,206.247.58.122,10.0.0.13,443,50584,1,1,0x0018,11,83,Video Conferencing (Zoom)
1740861405.418834,10.0.0.13,206.247.58.122,50584,443,39,50,0x0018,254,101,Video Conferencing (Zoom)
1740861405.422948,206.247.58.122,10.0.0.13,443,50584,50,39,0x0010,11,40,Video Conferencing (Zoom)
1740861405.422948,206.247.58.122,10.0.0.13,443,50584,50,39,0x0018,11,72,Video Conferencing (Zoom)
1740861405.476545,10.0.0.13,206.247.58.122,50584,443,106,88,0x0010,254,34,Video Conferencing (Zoom)
1740861405.613945,206.247.58.122,10.0.0.13,443,50584,88,106,0x0010,11,40,Video Conferencing (Zoom)
1740861407.695132,10.0.0.13,206.247.58.122,50579,443,309,264,0x0018,253,237,Video Conferencing (Zoom)
1740861407.832833,206.247.58.122,10.0.0.13,443,50579,264,512,0x0010,16,40,Video Conferencing (Zoom)
1740861407.844311,206.247.58.122,10.0.0.13,443,50579,264,512,0x0018,16,84,Video Conferencing (Zoom)
1740861407.886867,10.0.0.13,206.247.58.122,50579,443,512,314,0x0010,252,34,Video Conferencing (Zoom)
1740861408.09122,10.0.0.13,206.247.58.122,50579,443,512,314,0x0018,252,72,Video Conferencing (Zoom)
1740861408.225178,206.247.58.122,10.0.0.13,443,50579,314,512,0x0018,16,83,Video Conferencing (Zoom)
1740861408.22548,10.0.0.13,206.247.58.122,50579,443,550,363,0x0018,252,101,Video Conferencing (Zoom)
1740861408.229169,206.247.58.122,10.0.0.13,443,50579,363,550,0x0018,16,72,Video Conferencing (Zoom)
1740861408.276736,10.0.0.13,206.247.58.122,50579,443,617,401,0x0010,252,34,Video Conferencing (Zoom)
1740861408.360838,206.247.58.122,10.0.0.13,443,50579,401,550,0x0018,16,123,Video Conferencing (Zoom)
1740861408.366524,10.0.0.13,206.247.58.122,50579,443,617,490,0x0018,252,84,Video Conferencing (Zoom)
1740861408.41097,206.247.58.122,10.0.0.13,443,50579,490,617,0x0010,16,40,Video Conferencing (Zoom)
1740861408.504755,206.247.58.122,10.0.0.13,443,50579,490,667,0x0010,16,40,Video Conferencing (Zoom)
1740861409.017835,10.0.0.13,206.247.58.122,50584,443,106,88,0x0018,254,72,Video Conferencing (Zoom)
1740861409.167552,206.247.58.122,10.0.0.13,443,50584,88,106,0x0018,11,83,Video Conferencing (Zoom)
1740861409.167875,10.0.0.13,206.247.58.122,50584,443,144,137,0x0018,254,101,Video Conferencing (Zoom)
1740861409.170216,206.247.58.122,10.0.0.13,443,50584,137,144,0x0010,11,40,Video Conferencing (Zoom)
1740861409.170216,206.247.58.122,10.0.0.13,443,50584,137,144,0x0018,11,72,Video Conferencing (Zoom)
1740861409.224105,10.0.0.13,206.247.58.122,50584,443,211,175,0x0010,254,34,Video Conferencing (Zoom)
1740861409.362014,206.247.58.122,10.0.0.13,443,50584,175,211,0x0010,11,40,Video Conferencing (Zoom)
1740861409.679238,10.0.0.13,206.247.58.122,50579,443,667,490,0x0018,252,112,Video Conferencing (Zoom)
1740861409.816624,206.247.58.122,10.0.0.13,443,50579,490,745,0x0010,16,40,Video Conferencing (Zoom)
1740861409.824564,206.247.58.122,10.0.0.13,443,50579,490,745,0x0018,16,84,Video Conferencing (Zoom)
1740861409.824564,206.247.58.122,10.0.0.13,443,50579,540,745,0x0018,16,105,Video Conferencing (Zoom)
1740861409.824628,10.0.0.13,206.247.58.122,50579,443,745,611,0x0010,251,34,Video Conferencing (Zoom)
1740861409.824767,10.0.0.13,206.247.58.122,50579,443,745,611,0x0018,251,77,Video Conferencing (Zoom)
1740861410.006944,206.247.58.122,10.0.0.13,443,50579,611,788,0x0010,16,40,Video Conferencing (Zoom)
